-- Script add data
use QLKS

-- KhachHang
INSERT INTO dbo.KhachHang (maKH,hoTenKH,ngaySinh,SDT,CCCD,tongTien) VALUES
	 (N'KH000',N'No Name','1999-01-01',N'0000000000',N'000000000000',0.0000),
	 (N'KH001',N'Trần Văn Hà','1999-11-01',N'0977665452',N'678902863512',150000.0000),
	 (N'KH002',N'Trần Chí Chương','2003-02-01',N'0944442222',N'690129809381',150000.0000),
	 (N'KH003',N'Huỳnh Văn Nam','2001-05-02',N'0988821123',N'876589032142',200000.0000),
	 (N'KH004',N'Tran Ngoc Phat','1999-11-23',N'0903252508',N'123456789012',0.0000),
	 (N'KH005',N'Mai Nhat Hao','1999-02-12',N'0908235133',N'079203021234',0.0000),
	 (N'KH999',N'Tran Nguyen Vu','2003-11-23',N'0903252508',N'079203027776',0.0000);

-- NhanVien
INSERT INTO dbo.NhanVien (maNV,matKhau,hoTenNV,ngaySinh,SDT,CCCD) VALUES
	 (N'NV001',N'12345678',N'Trần Văn Chí','2003-10-29',N'0965417812',N'079203021131'),
	 (N'NV002',N'hhhhhssss',N'Nguyễn Thị Hà','2000-10-01',N'0977611552',N'079203021123'),
	 (N'NV003',N'23112003',N'Tran Nguyen Vu','2003-11-23',N'0903252508',N'079203027776');

-- LoaiPhong
INSERT INTO QuanLyKhachSan.dbo.LoaiPhong (maLoai,tenLoai,chatLuong) VALUES
	 (N'L001',N'Phòng đôi',N'Cao cấp'),
	 (N'L002',N'Phòng đơn',N'Cao cấp'),
	 (N'L003',N'Phòng đôi',N'Thường'),
	 (N'L004',N'Phòng đơn',N'Thường');

-- Phong
INSERT INTO QuanLyKhachSan.dbo.Phong (maPhong,maLoai,giaPhong,ghiChu,soLanDatPhong) VALUES
	 (N'P001',N'L003',400000.0000,N'Có cửa sổ',0),
	 (N'P002',N'L003',200000.0000,N'Wifi',0),
	 (N'P003',N'L001',230100.0000,N'Có cửa sổ',0),
	 (N'P004',N'L003',200000.0000,N'Có cửa sổ',1),
	 (N'P005',N'L001',150000.0000,N'',1);

-- TinhTrang
INSERT INTO QuanLyKhachSan.dbo.TinhTrang (maPhong,maKH,ngayDat,ngayTra) VALUES
	 (N'P001',N'KH000',NULL,NULL),
	 (N'P002',N'KH001','2023-05-05','2023-05-10'),
	 (N'P003',N'KH002','2023-05-05','2023-05-11'),
	 (N'P004',N'KH000',NULL,NULL),
	 (N'P005',N'KH000',NULL,NULL);

	
-- HoaDon
INSERT INTO dbo.HoaDon (maHD,maPhong,maNV,maKH,tongTien,ngayTaoHD) VALUES
	 (N'HD001',N'P001',N'NV002',N'KH001',1500000.0000,'2022-02-02'),
	 (N'HD002',N'P002',N'NV001',N'KH002',20000.0000,'2022-03-03'),
	 (N'HD003',N'P001',N'NV001',N'KH001',400000.0000,'2023-04-13'),
	 (N'HD004',N'P002',N'NV001',N'KH001',200000.0000,'2023-04-13'),
	 (N'HD005',N'P002',N'NV001',N'KH001',200000.0000,'2023-04-14'),
	 (N'HD006',N'P001',N'NV001',N'KH001',400000.0000,'2023-04-14'),
	 (N'HD007',N'P003',N'NV001',N'KH001',230100.0000,'2023-04-14'),
	 (N'HD008',N'P001',N'NV001',N'KH001',400000.0000,'2023-04-14'),
	 (N'HD009',N'P002',N'NV001',N'KH001',200000.0000,'2023-04-14'),
	 (N'HD010',N'P004',N'NV001',N'KH002',120000.0000,'2023-04-15');
INSERT INTO dbo.HoaDon (maHD,maPhong,maNV,maKH,tongTien,ngayTaoHD) VALUES
	 (N'HD011',N'P001',N'NV001',N'KH002',400000.0000,'2023-04-15'),
	 (N'HD012',N'P002',N'NV001',N'KH001',200000.0000,'2023-04-15'),
	 (N'HD013',N'P002',N'NV001',N'KH999',200000.0000,'2023-04-16'),
	 (N'HD014',N'P002',N'NV001',N'KH004',200000.0000,'2023-04-21'),
	 (N'HD015',N'P001',N'NV003',N'KH004',400000.0000,'2023-04-23'),
	 (N'HD016',N'P002',N'NV003',N'KH005',200000.0000,'2023-04-23'),
	 (N'HD017',N'P002',N'NV001',N'KH004',200000.0000,'2023-04-23'),
	 (N'HD018',N'P001',N'NV001',N'KH004',400000.0000,'2023-04-23'),
	 (N'HD019',N'P005',N'NV001',N'KH003',150000.0000,'2023-05-05'),
	 (N'HD020',N'P005',N'NV001',N'KH003',150000.0000,'2023-05-05');
INSERT INTO dbo.HoaDon (maHD,maPhong,maNV,maKH,tongTien,ngayTaoHD) VALUES
	 (N'HD021',N'P005',N'NV001',N'KH003',150000.0000,'2023-05-05'),
	 (N'HD022',N'P005',N'NV001',N'KH003',150000.0000,'2023-05-05'),
	 (N'HD023',N'P005',N'NV001',N'KH003',150000.0000,'2023-05-05'),
	 (N'HD024',N'P001',N'NV001',N'KH001',400000.0000,'2023-05-05'),
	 (N'HD025',N'P005',N'NV001',N'KH002',1500000.0000,'2023-05-05'),
	 (N'HD026',N'P005',N'NV001',N'KH002',1500000.0000,'2023-05-05'),
	 (N'HD027',N'P005',N'NV001',N'KH999',0.0000,'2023-05-05'),
	 (N'HD028',N'P005',N'NV001',N'KH999',0.0000,'2023-05-05'),
	 (N'HD029',N'P005',N'NV001',N'KH999',0.0000,'2023-05-05'),
	 (N'HD030',N'P005',N'NV001',N'KH001',150000.0000,'2023-05-05');
INSERT INTO dbo.HoaDon (maHD,maPhong,maNV,maKH,tongTien,ngayTaoHD) VALUES
	 (N'HD031',N'P005',N'NV001',N'KH002',150000.0000,'2023-05-05'),
	 (N'HD032',N'P004',N'NV001',N'KH003',200000.0000,'2023-05-05');
